Keyword,Group,Est_Bid
아산 아파트,에펠탑_일반,70
아산 오피스텔,에펠탑_일반,70
아산 분양,에펠탑_일반,70
아산 전세,에펠탑_일반,70
아산 월세,에펠탑_일반,70
아산 임대,에펠탑_일반,70
아산 민간임대,에펠탑_일반,70
아산 모델하우스,에펠탑_일반,70
아산 홍보관,에펠탑_일반,70
배방 아파트,에펠탑_일반,70
배방 오피스텔,에펠탑_일반,70
배방 분양,에펠탑_일반,70
배방 전세,에펠탑_일반,70
배방 월세,에펠탑_일반,70
배방 임대,에펠탑_일반,70
배방 민간임대,에펠탑_일반,70
배방 모델하우스,에펠탑_일반,70
배방 홍보관,에펠탑_일반,70
천안 아파트,에펠탑_일반,70
천안 오피스텔,에펠탑_일반,70
천안 분양,에펠탑_일반,70
천안 전세,에펠탑_일반,70
천안 월세,에펠탑_일반,70
천안 임대,에펠탑_일반,70
천안 민간임대,에펠탑_일반,70
천안 모델하우스,에펠탑_일반,70
천안 홍보관,에펠탑_일반,70
탕정 아파트,에펠탑_일반,70
탕정 오피스텔,에펠탑_일반,70
탕정 분양,에펠탑_일반,70
탕정 전세,에펠탑_일반,70
탕정 월세,에펠탑_일반,70
탕정 임대,에펠탑_일반,70
탕정 민간임대,에펠탑_일반,70
탕정 모델하우스,에펠탑_일반,70
탕정 홍보관,에펠탑_일반,70
불당 아파트,에펠탑_일반,70
불당 오피스텔,에펠탑_일반,70
불당 분양,에펠탑_일반,70
불당 전세,에펠탑_일반,70
불당 월세,에펠탑_일반,70
불당 임대,에펠탑_일반,70
불당 민간임대,에펠탑_일반,70
불당 모델하우스,에펠탑_일반,70
불당 홍보관,에펠탑_일반,70
아산 아파트 정보,에펠탑_일반,70
아산 아파트 시세,에펠탑_일반,70
아산 아파트 전망,에펠탑_일반,70
아산 아파트 순위,에펠탑_일반,70
아산 아파트 추천,에펠탑_일반,70
아산 아파트 미분양,에펠탑_일반,70
아산 아파트 줍줍,에펠탑_일반,70
아산 오피스텔 정보,에펠탑_일반,70
아산 오피스텔 시세,에펠탑_일반,70
아산 오피스텔 전망,에펠탑_일반,70
아산 오피스텔 순위,에펠탑_일반,70
아산 오피스텔 추천,에펠탑_일반,70
아산 오피스텔 미분양,에펠탑_일반,70
아산 오피스텔 줍줍,에펠탑_일반,70
아산 분양 정보,에펠탑_일반,70
아산 분양 시세,에펠탑_일반,70
아산 분양 전망,에펠탑_일반,70
아산 분양 순위,에펠탑_일반,70
아산 분양 추천,에펠탑_일반,70
아산 분양 미분양,에펠탑_일반,70
아산 분양 줍줍,에펠탑_일반,70
아산 전세 정보,에펠탑_일반,70
아산 전세 시세,에펠탑_일반,70
아산 전세 전망,에펠탑_일반,70
아산 전세 순위,에펠탑_일반,70
아산 전세 추천,에펠탑_일반,70
아산 전세 미분양,에펠탑_일반,70
아산 전세 줍줍,에펠탑_일반,70
아산 월세 정보,에펠탑_일반,70
아산 월세 시세,에펠탑_일반,70
아산 월세 전망,에펠탑_일반,70
아산 월세 순위,에펠탑_일반,70
아산 월세 추천,에펠탑_일반,70
아산 월세 미분양,에펠탑_일반,70
아산 월세 줍줍,에펠탑_일반,70
아산 임대 정보,에펠탑_일반,70
아산 임대 시세,에펠탑_일반,70
아산 임대 전망,에펠탑_일반,70
아산 임대 순위,에펠탑_일반,70
아산 임대 추천,에펠탑_일반,70
아산 임대 미분양,에펠탑_일반,70
아산 임대 줍줍,에펠탑_일반,70
아산 민간임대 정보,에펠탑_일반,70
아산 민간임대 시세,에펠탑_일반,70
아산 민간임대 전망,에펠탑_일반,70
아산 민간임대 순위,에펠탑_일반,70
아산 민간임대 추천,에펠탑_일반,70
아산 민간임대 미분양,에펠탑_일반,70
아산 민간임대 줍줍,에펠탑_일반,70
아산 모델하우스 정보,에펠탑_일반,70
아산 모델하우스 시세,에펠탑_일반,70
아산 모델하우스 전망,에펠탑_일반,70
아산 모델하우스 순위,에펠탑_일반,70
아산 모델하우스 추천,에펠탑_일반,70
아산 모델하우스 미분양,에펠탑_일반,70
아산 모델하우스 줍줍,에펠탑_일반,70
아산 홍보관 정보,에펠탑_일반,70
아산 홍보관 시세,에펠탑_일반,70
아산 홍보관 전망,에펠탑_일반,70
아산 홍보관 순위,에펠탑_일반,70
아산 홍보관 추천,에펠탑_일반,70
아산 홍보관 미분양,에펠탑_일반,70
아산 홍보관 줍줍,에펠탑_일반,70
배방 아파트 정보,에펠탑_일반,70
배방 아파트 시세,에펠탑_일반,70
배방 아파트 전망,에펠탑_일반,70
배방 아파트 순위,에펠탑_일반,70
배방 아파트 추천,에펠탑_일반,70
배방 아파트 미분양,에펠탑_일반,70
배방 아파트 줍줍,에펠탑_일반,70
배방 오피스텔 정보,에펠탑_일반,70
배방 오피스텔 시세,에펠탑_일반,70
배방 오피스텔 전망,에펠탑_일반,70
배방 오피스텔 순위,에펠탑_일반,70
배방 오피스텔 추천,에펠탑_일반,70
배방 오피스텔 미분양,에펠탑_일반,70
배방 오피스텔 줍줍,에펠탑_일반,70
배방 분양 정보,에펠탑_일반,70
배방 분양 시세,에펠탑_일반,70
배방 분양 전망,에펠탑_일반,70
배방 분양 순위,에펠탑_일반,70
배방 분양 추천,에펠탑_일반,70
배방 분양 미분양,에펠탑_일반,70
배방 분양 줍줍,에펠탑_일반,70
배방 전세 정보,에펠탑_일반,70
배방 전세 시세,에펠탑_일반,70
배방 전세 전망,에펠탑_일반,70
배방 전세 순위,에펠탑_일반,70
배방 전세 추천,에펠탑_일반,70
배방 전세 미분양,에펠탑_일반,70
배방 전세 줍줍,에펠탑_일반,70
배방 월세 정보,에펠탑_일반,70
배방 월세 시세,에펠탑_일반,70
배방 월세 전망,에펠탑_일반,70
배방 월세 순위,에펠탑_일반,70
배방 월세 추천,에펠탑_일반,70
배방 월세 미분양,에펠탑_일반,70
배방 월세 줍줍,에펠탑_일반,70
배방 임대 정보,에펠탑_일반,70
배방 임대 시세,에펠탑_일반,70
배방 임대 전망,에펠탑_일반,70
배방 임대 순위,에펠탑_일반,70
배방 임대 추천,에펠탑_일반,70
배방 임대 미분양,에펠탑_일반,70
배방 임대 줍줍,에펠탑_일반,70
배방 민간임대 정보,에펠탑_일반,70
배방 민간임대 시세,에펠탑_일반,70
배방 민간임대 전망,에펠탑_일반,70
배방 민간임대 순위,에펠탑_일반,70
배방 민간임대 추천,에펠탑_일반,70
배방 민간임대 미분양,에펠탑_일반,70
배방 민간임대 줍줍,에펠탑_일반,70
배방 모델하우스 정보,에펠탑_일반,70
배방 모델하우스 시세,에펠탑_일반,70
배방 모델하우스 전망,에펠탑_일반,70
배방 모델하우스 순위,에펠탑_일반,70
배방 모델하우스 추천,에펠탑_일반,70
배방 모델하우스 미분양,에펠탑_일반,70
배방 모델하우스 줍줍,에펠탑_일반,70
배방 홍보관 정보,에펠탑_일반,70
배방 홍보관 시세,에펠탑_일반,70
배방 홍보관 전망,에펠탑_일반,70
배방 홍보관 순위,에펠탑_일반,70
배방 홍보관 추천,에펠탑_일반,70
배방 홍보관 미분양,에펠탑_일반,70
배방 홍보관 줍줍,에펠탑_일반,70
천안 아파트 정보,에펠탑_일반,70
천안 아파트 시세,에펠탑_일반,70
천안 아파트 전망,에펠탑_일반,70
천안 아파트 순위,에펠탑_일반,70
천안 아파트 추천,에펠탑_일반,70
천안 아파트 미분양,에펠탑_일반,70
천안 아파트 줍줍,에펠탑_일반,70
천안 오피스텔 정보,에펠탑_일반,70
천안 오피스텔 시세,에펠탑_일반,70
천안 오피스텔 전망,에펠탑_일반,70
천안 오피스텔 순위,에펠탑_일반,70
천안 오피스텔 추천,에펠탑_일반,70
천안 오피스텔 미분양,에펠탑_일반,70
천안 오피스텔 줍줍,에펠탑_일반,70
천안 분양 정보,에펠탑_일반,70
천안 분양 시세,에펠탑_일반,70
천안 분양 전망,에펠탑_일반,70
천안 분양 순위,에펠탑_일반,70
천안 분양 추천,에펠탑_일반,70
천안 분양 미분양,에펠탑_일반,70
천안 분양 줍줍,에펠탑_일반,70
천안 전세 정보,에펠탑_일반,70
천안 전세 시세,에펠탑_일반,70
천안 전세 전망,에펠탑_일반,70
천안 전세 순위,에펠탑_일반,70
천안 전세 추천,에펠탑_일반,70
천안 전세 미분양,에펠탑_일반,70
천안 전세 줍줍,에펠탑_일반,70
천안 월세 정보,에펠탑_일반,70
천안 월세 시세,에펠탑_일반,70
천안 월세 전망,에펠탑_일반,70
천안 월세 순위,에펠탑_일반,70
천안 월세 추천,에펠탑_일반,70
천안 월세 미분양,에펠탑_일반,70
천안 월세 줍줍,에펠탑_일반,70
천안 임대 정보,에펠탑_일반,70
천안 임대 시세,에펠탑_일반,70
천안 임대 전망,에펠탑_일반,70
천안 임대 순위,에펠탑_일반,70
천안 임대 추천,에펠탑_일반,70
천안 임대 미분양,에펠탑_일반,70
천안 임대 줍줍,에펠탑_일반,70
천안 민간임대 정보,에펠탑_일반,70
천안 민간임대 시세,에펠탑_일반,70
천안 민간임대 전망,에펠탑_일반,70
천안 민간임대 순위,에펠탑_일반,70
천안 민간임대 추천,에펠탑_일반,70
천안 민간임대 미분양,에펠탑_일반,70
천안 민간임대 줍줍,에펠탑_일반,70
천안 모델하우스 정보,에펠탑_일반,70
천안 모델하우스 시세,에펠탑_일반,70
천안 모델하우스 전망,에펠탑_일반,70
천안 모델하우스 순위,에펠탑_일반,70
천안 모델하우스 추천,에펠탑_일반,70
천안 모델하우스 미분양,에펠탑_일반,70
천안 모델하우스 줍줍,에펠탑_일반,70
천안 홍보관 정보,에펠탑_일반,70
천안 홍보관 시세,에펠탑_일반,70
천안 홍보관 전망,에펠탑_일반,70
천안 홍보관 순위,에펠탑_일반,70
천안 홍보관 추천,에펠탑_일반,70
천안 홍보관 미분양,에펠탑_일반,70
천안 홍보관 줍줍,에펠탑_일반,70
탕정 아파트 정보,에펠탑_일반,70
탕정 아파트 시세,에펠탑_일반,70
탕정 아파트 전망,에펠탑_일반,70
탕정 아파트 순위,에펠탑_일반,70
탕정 아파트 추천,에펠탑_일반,70
탕정 아파트 미분양,에펠탑_일반,70
탕정 아파트 줍줍,에펠탑_일반,70
탕정 오피스텔 정보,에펠탑_일반,70
탕정 오피스텔 시세,에펠탑_일반,70
탕정 오피스텔 전망,에펠탑_일반,70
탕정 오피스텔 순위,에펠탑_일반,70
탕정 오피스텔 추천,에펠탑_일반,70
탕정 오피스텔 미분양,에펠탑_일반,70
탕정 오피스텔 줍줍,에펠탑_일반,70
탕정 분양 정보,에펠탑_일반,70
탕정 분양 시세,에펠탑_일반,70
탕정 분양 전망,에펠탑_일반,70
탕정 분양 순위,에펠탑_일반,70
탕정 분양 추천,에펠탑_일반,70
탕정 분양 미분양,에펠탑_일반,70
탕정 분양 줍줍,에펠탑_일반,70
탕정 전세 정보,에펠탑_일반,70
탕정 전세 시세,에펠탑_일반,70
탕정 전세 전망,에펠탑_일반,70
탕정 전세 순위,에펠탑_일반,70
탕정 전세 추천,에펠탑_일반,70
탕정 전세 미분양,에펠탑_일반,70
탕정 전세 줍줍,에펠탑_일반,70
탕정 월세 정보,에펠탑_일반,70
탕정 월세 시세,에펠탑_일반,70
탕정 월세 전망,에펠탑_일반,70
탕정 월세 순위,에펠탑_일반,70
탕정 월세 추천,에펠탑_일반,70
탕정 월세 미분양,에펠탑_일반,70
탕정 월세 줍줍,에펠탑_일반,70
탕정 임대 정보,에펠탑_일반,70
탕정 임대 시세,에펠탑_일반,70
탕정 임대 전망,에펠탑_일반,70
탕정 임대 순위,에펠탑_일반,70
탕정 임대 추천,에펠탑_일반,70
탕정 임대 미분양,에펠탑_일반,70
탕정 임대 줍줍,에펠탑_일반,70
탕정 민간임대 정보,에펠탑_일반,70
탕정 민간임대 시세,에펠탑_일반,70
탕정 민간임대 전망,에펠탑_일반,70
탕정 민간임대 순위,에펠탑_일반,70
탕정 민간임대 추천,에펠탑_일반,70
탕정 민간임대 미분양,에펠탑_일반,70
탕정 민간임대 줍줍,에펠탑_일반,70
탕정 모델하우스 정보,에펠탑_일반,70
탕정 모델하우스 시세,에펠탑_일반,70
탕정 모델하우스 전망,에펠탑_일반,70
탕정 모델하우스 순위,에펠탑_일반,70
탕정 모델하우스 추천,에펠탑_일반,70
탕정 모델하우스 미분양,에펠탑_일반,70
탕정 모델하우스 줍줍,에펠탑_일반,70
탕정 홍보관 정보,에펠탑_일반,70
탕정 홍보관 시세,에펠탑_일반,70
탕정 홍보관 전망,에펠탑_일반,70
탕정 홍보관 순위,에펠탑_일반,70
탕정 홍보관 추천,에펠탑_일반,70
탕정 홍보관 미분양,에펠탑_일반,70
탕정 홍보관 줍줍,에펠탑_일반,70
불당 아파트 정보,에펠탑_일반,70
불당 아파트 시세,에펠탑_일반,70
불당 아파트 전망,에펠탑_일반,70
불당 아파트 순위,에펠탑_일반,70
불당 아파트 추천,에펠탑_일반,70
불당 아파트 미분양,에펠탑_일반,70
불당 아파트 줍줍,에펠탑_일반,70
불당 오피스텔 정보,에펠탑_일반,70
불당 오피스텔 시세,에펠탑_일반,70
불당 오피스텔 전망,에펠탑_일반,70
불당 오피스텔 순위,에펠탑_일반,70
불당 오피스텔 추천,에펠탑_일반,70
불당 오피스텔 미분양,에펠탑_일반,70
불당 오피스텔 줍줍,에펠탑_일반,70
불당 분양 정보,에펠탑_일반,70
불당 분양 시세,에펠탑_일반,70
불당 분양 전망,에펠탑_일반,70
불당 분양 순위,에펠탑_일반,70
불당 분양 추천,에펠탑_일반,70
불당 분양 미분양,에펠탑_일반,70
불당 분양 줍줍,에펠탑_일반,70
불당 전세 정보,에펠탑_일반,70
불당 전세 시세,에펠탑_일반,70
불당 전세 전망,에펠탑_일반,70
불당 전세 순위,에펠탑_일반,70
불당 전세 추천,에펠탑_일반,70
불당 전세 미분양,에펠탑_일반,70
불당 전세 줍줍,에펠탑_일반,70
불당 월세 정보,에펠탑_일반,70
불당 월세 시세,에펠탑_일반,70
불당 월세 전망,에펠탑_일반,70
불당 월세 순위,에펠탑_일반,70
불당 월세 추천,에펠탑_일반,70
불당 월세 미분양,에펠탑_일반,70
불당 월세 줍줍,에펠탑_일반,70
불당 임대 정보,에펠탑_일반,70
불당 임대 시세,에펠탑_일반,70
불당 임대 전망,에펠탑_일반,70
불당 임대 순위,에펠탑_일반,70
불당 임대 추천,에펠탑_일반,70
불당 임대 미분양,에펠탑_일반,70
불당 임대 줍줍,에펠탑_일반,70
불당 민간임대 정보,에펠탑_일반,70
불당 민간임대 시세,에펠탑_일반,70
불당 민간임대 전망,에펠탑_일반,70
불당 민간임대 순위,에펠탑_일반,70
불당 민간임대 추천,에펠탑_일반,70
불당 민간임대 미분양,에펠탑_일반,70
불당 민간임대 줍줍,에펠탑_일반,70
불당 모델하우스 정보,에펠탑_일반,70
불당 모델하우스 시세,에펠탑_일반,70
불당 모델하우스 전망,에펠탑_일반,70
불당 모델하우스 순위,에펠탑_일반,70
불당 모델하우스 추천,에펠탑_일반,70
불당 모델하우스 미분양,에펠탑_일반,70
불당 모델하우스 줍줍,에펠탑_일반,70
불당 홍보관 정보,에펠탑_일반,70
불당 홍보관 시세,에펠탑_일반,70
불당 홍보관 전망,에펠탑_일반,70
불당 홍보관 순위,에펠탑_일반,70
불당 홍보관 추천,에펠탑_일반,70
불당 홍보관 미분양,에펠탑_일반,70
불당 홍보관 줍줍,에펠탑_일반,70
